revision	draft	file	groups	cases	pass	skip	failure	sha256
c0b038ad7244712cf73650f44e90d0bc5704e8c7	draft3	additionalItems.json	7	14	14	0	0	e3e5a5b79ebb86ba87bc2769ad89a75d6df519b7dbe04d6b7668febec855e5fa
c0b038ad7244712cf73650f44e90d0bc5704e8c7	draft3	additionalProperties.json	7	16	16	0	0	5907276927b4855b6c876596de50af6848c33705a012d2c08394d39d418f64ad
c0b038ad7244712cf73650f44e90d0bc5704e8c7	draft3	default.json	3	7	7	0	0	b0c16241a36d86af33b33183da33b15f5d883a141fbc2ee451d57ec679f17e7e
c0b038ad7244712cf73650f44e90d0bc5704e8c7	draft3	dependencies.json	3	18	18	0	0	b2752f7647a26e7aa57fd0157623fe7629e50754ce5825979cfc746e6bc5ff78
c0b038ad7244712cf73650f44e90d0bc5704e8c7	draft3	disallow.json	3	9	9	0	0	a326f0120ce2674d86280300f09ad5c6c295477f970588796c1df93745f8ab93
c0b038ad7244712cf73650f44e90d0bc5704e8c7	draft3	divisibleBy.json	3	9	9	0	0	95d42ab6e6a85fc1a039625f25f4b95f99dfb73a35d1a726ca10ba20d5003b74
c0b038ad7244712cf73650f44e90d0bc5704e8c7	draft3	enum.json	5	16	16	0	0	e03cf7937b84abbb3dd7f1581eaafd88ca51eeecf88b37436fbf08be83bc03c3
c0b038ad7244712cf73650f44e90d0bc5704e8c7	draft3	extends.json	3	10	10	0	0	257d41d133294b4d8620b58061d4ea6d9fbcaee0dfddc09e46fb0311a88f0e7b
c0b038ad7244712cf73650f44e90d0bc5704e8c7	draft3	format.json	10	60	60	0	0	2386754d9120546061ce69fe3ff9da22ca1a669f2be83d2e0e4fee8c427f12c3
c0b038ad7244712cf73650f44e90d0bc5704e8c7	draft3	infinite-loop-detection.json	1	2	2	0	0	80c38ad69549e99bf16112f7d99ecf9f1ddc385f3e38d2e79af2a72a846787d3
c0b038ad7244712cf73650f44e90d0bc5704e8c7	draft3	items.json	4	7	7	0	0	448b5a3a87751a417cd1b9f0a4edc0aa7a4252ca266c8b03783625543ea764e6
c0b038ad7244712cf73650f44e90d0bc5704e8c7	draft3	maxItems.json	1	4	4	0	0	4adca55d27b10c1eefc7891c05f31d9dfc8f11beee2328f6370c63fec3ee13b9
c0b038ad7244712cf73650f44e90d0bc5704e8c7	draft3	maxLength.json	1	5	5	0	0	19629930e7809b898e63226285015e4a79a2f4945a27ba59f0c5e628a0e10c8c
c0b038ad7244712cf73650f44e90d0bc5704e8c7	draft3	maximum.json	4	14	14	0	0	ae45025b308295e3f505996ac948ac545d67eb5ee8c54c5cfa7fcde80cfbc934
c0b038ad7244712cf73650f44e90d0bc5704e8c7	draft3	minItems.json	1	4	4	0	0	f20fbbfebbb3311a12027ed2064cb4334f09b6d06642e3de0dd0a69bc4ff7ce5
c0b038ad7244712cf73650f44e90d0bc5704e8c7	draft3	minLength.json	1	5	5	0	0	6b84223c690d5f334a181a60550801c4993035b2438fb72a75243e481754a7a9
c0b038ad7244712cf73650f44e90d0bc5704e8c7	draft3	minimum.json	3	13	13	0	0	4f2439bca8ff2fe4e30d051023c75eb0a113d201c966afee91f454060b4b1acd
c0b038ad7244712cf73650f44e90d0bc5704e8c7	draft3	optional/bignum.json	7	9	9	0	0	cd9cbc2f56801d9929273247ca4a04325940064dd265c975d200c4d0472dc09c
c0b038ad7244712cf73650f44e90d0bc5704e8c7	draft3	optional/format/color.json	1	6	6	0	0	af990c28faa638113f719258e53f08f4e51504e3dd0c319bdf477779f14e50ca
c0b038ad7244712cf73650f44e90d0bc5704e8c7	draft3	optional/format/date-time.json	1	7	7	0	0	c7682a132eff9ebd90977fb149b4c59c151f297c5366d2c4917d487eab495890
c0b038ad7244712cf73650f44e90d0bc5704e8c7	draft3	optional/format/date.json	1	33	33	0	0	8ba68231b6a384fdfbb7929cf8f54129c97bb9d34180181e39851d66f43b951e
c0b038ad7244712cf73650f44e90d0bc5704e8c7	draft3	optional/format/ecmascript-regex.json	1	3	3	0	0	d8511d42ada2189fd183bab9d4146657a286dc9d5d21a90a5f304108792622ce
c0b038ad7244712cf73650f44e90d0bc5704e8c7	draft3	optional/format/email.json	1	11	11	0	0	3a7d8a5cc9050decdd23bc26486756aae72006e1d2385f123d45883d507cf7f3
c0b038ad7244712cf73650f44e90d0bc5704e8c7	draft3	optional/format/host-name.json	1	12	12	0	0	76bece24c2e061d7e682691b9b10e5a6f2c575030ae5a23b8f1e0d0be952674c
c0b038ad7244712cf73650f44e90d0bc5704e8c7	draft3	optional/format/ip-address.json	1	3	3	0	0	63d7a9f1fbfe3ba77f26309362810a1bbaf736c090cd3d6f222a6e277188a510
c0b038ad7244712cf73650f44e90d0bc5704e8c7	draft3	optional/format/ipv6.json	1	12	12	0	0	21ea084040c22e1196a5fd0e5fb7e24ab8a916161cf23000393724f133ec1c9d
c0b038ad7244712cf73650f44e90d0bc5704e8c7	draft3	optional/format/regex.json	1	2	2	0	0	cbd6d209bb0a6de3e65aca05067584553e0cdb0ba3f90292687af2e0d97973b4
c0b038ad7244712cf73650f44e90d0bc5704e8c7	draft3	optional/format/time.json	1	3	3	0	0	dcaeee0fc96d6991400a2b7ffa1c663d3457de33e146316bd4c6fde8ed27c786
c0b038ad7244712cf73650f44e90d0bc5704e8c7	draft3	optional/format/uri.json	1	4	4	0	0	5fc1a25dc6d6ff690be0ce8035317710588d04de5f4dd444d85af78d9686ae4e
c0b038ad7244712cf73650f44e90d0bc5704e8c7	draft3	optional/non-bmp-regex.json	2	12	12	0	0	4bc9203fdcac901c98a0509543017762b03a4393cc547cf35e57579e232c5c39
c0b038ad7244712cf73650f44e90d0bc5704e8c7	draft3	optional/zeroTerminatedFloats.json	1	1	1	0	0	0da6f9c562259d9596901c301f02b28dfa2c9ffa4b4b88a072f8a1549bbf6b3d
c0b038ad7244712cf73650f44e90d0bc5704e8c7	draft3	pattern.json	2	9	9	0	0	92f42bdbf24f20b2b6378a8dfa882a8b40746170303f5dbe5b4cade420599507
c0b038ad7244712cf73650f44e90d0bc5704e8c7	draft3	patternProperties.json	4	17	17	0	0	74eac5cd0065062fcc44f09ef8f9946ab7bc21dc842c32266ae3d36bf2f1ab41
c0b038ad7244712cf73650f44e90d0bc5704e8c7	draft3	properties.json	3	15	15	0	0	bc6a41906d87ffd0d998b0b28780e0c511390e75efb74f9f5526a5a5e2fbe4c0
c0b038ad7244712cf73650f44e90d0bc5704e8c7	draft3	ref.json	10	27	27	0	0	dc77dd02f9a49bae4a38285e1081e00f2f9b904336babfdd12b21313a9712ee5
c0b038ad7244712cf73650f44e90d0bc5704e8c7	draft3	refRemote.json	4	8	8	0	0	5b7e40036a75e74bfe8d071dd3631dde20c8252fd39d0c79cad069587bf89d8a
c0b038ad7244712cf73650f44e90d0bc5704e8c7	draft3	required.json	3	4	4	0	0	9b874a91f6fa946f6565338e4915ed76d9fed5b1d3aa45c5eed42950d6d6032c
c0b038ad7244712cf73650f44e90d0bc5704e8c7	draft3	type.json	12	80	80	0	0	f9cf11b58de6a080efd5d3be45243c446eb0eb825521a7f7afd2ca40102f8c75
c0b038ad7244712cf73650f44e90d0bc5704e8c7	draft3	uniqueItems.json	6	62	62	0	0	4f37a72117cab958775452fefcab89db7ffcc8def6925b45cd59d6b062272497
c0b038ad7244712cf73650f44e90d0bc5704e8c7	draft4	additionalItems.json	9	17	17	0	0	7e5cea33a09a8c86decdec5765746ad82932957c024a3956c1a5e74db9af6c87
c0b038ad7244712cf73650f44e90d0bc5704e8c7	draft4	additionalProperties.json	7	16	16	0	0	6ab2e5091d2d75fc047767b42cafdb493b67f2559b05bf33202a154363824b4c
c0b038ad7244712cf73650f44e90d0bc5704e8c7	draft4	allOf.json	9	27	27	0	0	c45daf2fa04f1b9f8bdecb9167d72ecabb3c79374506d450f87c20e6bc69cd51
c0b038ad7244712cf73650f44e90d0bc5704e8c7	draft4	anyOf.json	5	15	15	0	0	f5285d7fde847e0e9ff135b539affb3481ea5fa0e7387318bffd70c6a09ccadc
c0b038ad7244712cf73650f44e90d0bc5704e8c7	draft4	default.json	3	7	7	0	0	b0c16241a36d86af33b33183da33b15f5d883a141fbc2ee451d57ec679f17e7e
c0b038ad7244712cf73650f44e90d0bc5704e8c7	draft4	definitions.json	1	2	2	0	0	ded28ab7a00604aebf6893628cd86b9c72c987c4c1af8820c6d30a41b5159ec1
c0b038ad7244712cf73650f44e90d0bc5704e8c7	draft4	dependencies.json	5	29	29	0	0	7a716aea63c3cdd541d1a1aabf762c6aad162470fd5884ff094cf961547de821
c0b038ad7244712cf73650f44e90d0bc5704e8c7	draft4	enum.json	16	49	49	0	0	aad9db8589e0dd3cf3ce4f31b0f0bc0d1de0b61d9be201f1b7122e5aa0bdc7fb
c0b038ad7244712cf73650f44e90d0bc5704e8c7	draft4	format.json	6	36	36	0	0	904a4cc2e68db8a3c3fb636876ba66061514db4cfe79e5275f1af57f4d689342
c0b038ad7244712cf73650f44e90d0bc5704e8c7	draft4	infinite-loop-detection.json	1	2	2	0	0	c247742221355ae165edaada14385669382c6d0cdbcc933ce8f9a693b9444de7
c0b038ad7244712cf73650f44e90d0bc5704e8c7	draft4	items.json	6	21	21	0	0	d944599053f3cf35bc5f5b62f9354c0ad85096a4dc24f3a20f0e6d2d8d4034b1
c0b038ad7244712cf73650f44e90d0bc5704e8c7	draft4	maxItems.json	1	4	4	0	0	4adca55d27b10c1eefc7891c05f31d9dfc8f11beee2328f6370c63fec3ee13b9
c0b038ad7244712cf73650f44e90d0bc5704e8c7	draft4	maxLength.json	1	5	5	0	0	092719c9881a95b3f7ff68ea73fa445f3f87a9574fb794c22351c14d8f4f6192
c0b038ad7244712cf73650f44e90d0bc5704e8c7	draft4	maxProperties.json	2	8	8	0	0	51681fc64ecdfa34ff95beab11e4bb12a7ada1d6a1b7b9146e1835411d5ef4fb
c0b038ad7244712cf73650f44e90d0bc5704e8c7	draft4	maximum.json	4	14	14	0	0	ae45025b308295e3f505996ac948ac545d67eb5ee8c54c5cfa7fcde80cfbc934
c0b038ad7244712cf73650f44e90d0bc5704e8c7	draft4	minItems.json	1	4	4	0	0	f20fbbfebbb3311a12027ed2064cb4334f09b6d06642e3de0dd0a69bc4ff7ce5
c0b038ad7244712cf73650f44e90d0bc5704e8c7	draft4	minLength.json	1	5	5	0	0	6b84223c690d5f334a181a60550801c4993035b2438fb72a75243e481754a7a9
c0b038ad7244712cf73650f44e90d0bc5704e8c7	draft4	minProperties.json	1	8	8	0	0	43f6c105fcd99e5d44ca6eaba16bcd2752074c1e34fa20bea19075e391ba59d0
c0b038ad7244712cf73650f44e90d0bc5704e8c7	draft4	minimum.json	4	17	17	0	0	ab7d2ca1da017f218a6f071574efa7c006eb456d7da1cb962b4b1014cd67649b
c0b038ad7244712cf73650f44e90d0bc5704e8c7	draft4	multipleOf.json	5	11	11	0	0	1ac792009f14fc5834a066e6f314916b08ee5fee168034a147637e6492b0b433
c0b038ad7244712cf73650f44e90d0bc5704e8c7	draft4	not.json	6	20	20	0	0	2c712ce20adba5ebc12f039bcef3679c4d190355ad7540300a69c0f1ce5f0e68
c0b038ad7244712cf73650f44e90d0bc5704e8c7	draft4	oneOf.json	7	23	23	0	0	1ddbffe0d769e08465c301f3978774b12be1c3e7e0210b2dfb8812aa9651dff5
c0b038ad7244712cf73650f44e90d0bc5704e8c7	draft4	optional/bignum.json	7	9	9	0	0	cd9cbc2f56801d9929273247ca4a04325940064dd265c975d200c4d0472dc09c
c0b038ad7244712cf73650f44e90d0bc5704e8c7	draft4	optional/ecmascript-regex.json	20	74	74	0	0	df896750632373d35767d48a7bf3872812c09b1a0a965152e978b79cf6592321
c0b038ad7244712cf73650f44e90d0bc5704e8c7	draft4	optional/float-overflow.json	1	1	1	0	0	5581f5bbf80e6fb4b5407423757b110c87b040fb9ee864865f98e812493aa9db
c0b038ad7244712cf73650f44e90d0bc5704e8c7	draft4	optional/format/date-time.json	1	29	29	0	0	86bd16aee6f485cefb1fb3373cec23f03b13f3c9b5ca3ed4cf3060c60bd1292d
c0b038ad7244712cf73650f44e90d0bc5704e8c7	draft4	optional/format/email.json	1	20	20	0	0	8dda29c4ff05e8deb8c53de1e006e22e1baed6e9a15ef5a15bb449ab7f8b6e2f
c0b038ad7244712cf73650f44e90d0bc5704e8c7	draft4	optional/format/hostname.json	1	28	28	0	0	f98fa29ef3b86932ac4f64d7759fe478eff18366869ab56bad5b92a0209804e7
c0b038ad7244712cf73650f44e90d0bc5704e8c7	draft4	optional/format/ipv4.json	1	38	38	0	0	715b53ed2ae6365f9e6cf2a0c5a10b31a2f63cf6524025bb55add5326a6dfef0
c0b038ad7244712cf73650f44e90d0bc5704e8c7	draft4	optional/format/ipv6.json	1	40	40	0	0	4f48646dc07bc95c3487a2231355f40eaa8563a07aac05e0ccdf0b4752f1c5e0
c0b038ad7244712cf73650f44e90d0bc5704e8c7	draft4	optional/format/unknown.json	1	7	7	0	0	cf9d4e44cccd55e757688fc6cb198aaf82c83610612ff273b0ca0733721de102
c0b038ad7244712cf73650f44e90d0bc5704e8c7	draft4	optional/format/uri.json	1	44	44	0	0	3f9a17410e4ed678ccf16b997c1888c5eb00a656ffbd5f4b0e283ffc719ecac4
c0b038ad7244712cf73650f44e90d0bc5704e8c7	draft4	optional/id.json	1	3	3	0	0	f8b492bc760715a8a50c191e99f00870fa0c605928bd8c7708539b020bd7dfa4
c0b038ad7244712cf73650f44e90d0bc5704e8c7	draft4	optional/non-bmp-regex.json	2	12	12	0	0	4bc9203fdcac901c98a0509543017762b03a4393cc547cf35e57579e232c5c39
c0b038ad7244712cf73650f44e90d0bc5704e8c7	draft4	optional/zeroTerminatedFloats.json	1	1	1	0	0	0da6f9c562259d9596901c301f02b28dfa2c9ffa4b4b88a072f8a1549bbf6b3d
c0b038ad7244712cf73650f44e90d0bc5704e8c7	draft4	pattern.json	2	9	9	0	0	92f42bdbf24f20b2b6378a8dfa882a8b40746170303f5dbe5b4cade420599507
c0b038ad7244712cf73650f44e90d0bc5704e8c7	draft4	patternProperties.json	4	18	18	0	0	9e032724296fb2ad290d75edfcd97c221f4d2c3cee1c164aa182255da5fbb107
c0b038ad7244712cf73650f44e90d0bc5704e8c7	draft4	properties.json	5	24	24	0	0	b96fbe9304ac772142e834540eceee3c1a0b396872d39005e6ab39eed3bb04a8
c0b038ad7244712cf73650f44e90d0bc5704e8c7	draft4	ref.json	19	45	45	0	0	f08a6fc51e3317bfbef74fb8b5145169012f728d3d4b6186705b4fb7771e5517
c0b038ad7244712cf73650f44e90d0bc5704e8c7	draft4	refRemote.json	8	17	17	0	0	7687f76dd7a9c01d2ddb3f2a64c34bda35ac8bf5d680b6c3e334e043cfa2338e
c0b038ad7244712cf73650f44e90d0bc5704e8c7	draft4	required.json	4	17	17	0	0	6268ba531e0d47a50f80a93daf73660bb53a1c6741cead90d9ecdc72bb9d51fd
c0b038ad7244712cf73650f44e90d0bc5704e8c7	draft4	type.json	11	79	79	0	0	91f36fc6f74deb6f6ab65c72b826c130d92cbbaba6370377c7d9364edb215f1a
c0b038ad7244712cf73650f44e90d0bc5704e8c7	draft4	uniqueItems.json	6	69	69	0	0	c633e14ebbaa66dfba92023aada363510d8f37395dc2aaabdc249465f095c454
c0b038ad7244712cf73650f44e90d0bc5704e8c7	draft6	additionalItems.json	10	19	19	0	0	c25888a38a6db63d31daa9bce5647038513a54a327dabaeb2548189f6a51fb64
c0b038ad7244712cf73650f44e90d0bc5704e8c7	draft6	additionalProperties.json	7	16	16	0	0	6ab2e5091d2d75fc047767b42cafdb493b67f2559b05bf33202a154363824b4c
c0b038ad7244712cf73650f44e90d0bc5704e8c7	draft6	allOf.json	12	30	30	0	0	940b67eca31bc9035a9864a5b00a720e6880d7780e6e4db85403bfa12222fd7a
c0b038ad7244712cf73650f44e90d0bc5704e8c7	draft6	anyOf.json	8	18	18	0	0	1175062b77388b03432d61f1b43448a71b5b2bb03696215ebe52fa5be69eec61
c0b038ad7244712cf73650f44e90d0bc5704e8c7	draft6	boolean_schema.json	2	18	18	0	0	9c8828d325b88a0c632fca22405d5481548b49fb0f9f5536ee401e4d66aa8582
c0b038ad7244712cf73650f44e90d0bc5704e8c7	draft6	const.json	17	54	54	0	0	65d2b152fbbbdd3291beb3dcc048dea1644acf3c59c68b5f72f521b5a927fcf9
c0b038ad7244712cf73650f44e90d0bc5704e8c7	draft6	contains.json	6	19	19	0	0	72a25c7001a48b9a6803d25f8695ad9c36b2245a9b7ba1c76ec1e5a449d30a15
c0b038ad7244712cf73650f44e90d0bc5704e8c7	draft6	default.json	3	7	7	0	0	b0c16241a36d86af33b33183da33b15f5d883a141fbc2ee451d57ec679f17e7e
c0b038ad7244712cf73650f44e90d0bc5704e8c7	draft6	definitions.json	1	2	2	0	0	4ea28f958fa1a5866e44f4ce31db9ab909df513d9cc3c139e3eeaf2148c925d5
c0b038ad7244712cf73650f44e90d0bc5704e8c7	draft6	dependencies.json	7	36	36	0	0	e5c757b8c79b669eab621eb7b2801c99aecd94dd16aa4e41662992509d249fd5
c0b038ad7244712cf73650f44e90d0bc5704e8c7	draft6	enum.json	14	45	45	0	0	497e30638e71e0a66cdc4e52a2a475416ea3f1f11294271c942725f84e8aa6cf
c0b038ad7244712cf73650f44e90d0bc5704e8c7	draft6	exclusiveMaximum.json	1	4	4	0	0	a51392482efa787d7fcea34de78de441a8807b1881ec0bc414f013cab0bf5812
c0b038ad7244712cf73650f44e90d0bc5704e8c7	draft6	exclusiveMinimum.json	1	4	4	0	0	08435add3250275173074d2b7ad519806baae83be95d7397d3a514b8ad7561d3
c0b038ad7244712cf73650f44e90d0bc5704e8c7	draft6	format.json	9	54	54	0	0	d24625b096378f46180a178c24764aeeedd37fe6bc5cbb4a5cfc510f7126d534
c0b038ad7244712cf73650f44e90d0bc5704e8c7	draft6	infinite-loop-detection.json	1	2	2	0	0	c247742221355ae165edaada14385669382c6d0cdbcc933ce8f9a693b9444de7
c0b038ad7244712cf73650f44e90d0bc5704e8c7	draft6	items.json	9	28	28	0	0	6480f868b34c832265c9ee42a7643e16873c74f11c8d735d8eea5e494c93ed02
c0b038ad7244712cf73650f44e90d0bc5704e8c7	draft6	maxItems.json	2	6	6	0	0	913397eff076de4eb63982c6682fb40cfd6117900da34f8fbb3a71839bcc813c
c0b038ad7244712cf73650f44e90d0bc5704e8c7	draft6	maxLength.json	2	7	7	0	0	3330342d36c85a7334ea3f7deb168beae26617ce83cc1d43b6ba2f618b3c2f4e
c0b038ad7244712cf73650f44e90d0bc5704e8c7	draft6	maxProperties.json	3	10	10	0	0	b57f784fdb7ec266cef13afd2de4ab9f2cfc7e2bdd86428d90be0212106babd3
c0b038ad7244712cf73650f44e90d0bc5704e8c7	draft6	maximum.json	2	8	8	0	0	b3094bf70bea8df1eb17c22a9afb47af1bcf3b8d6616bfb8bce95c1ee874e2e3
c0b038ad7244712cf73650f44e90d0bc5704e8c7	draft6	minItems.json	2	6	6	0	0	706f786718b5af39ca447d006909aa3adba53ebffe450d97cc7773f47d97bb46
c0b038ad7244712cf73650f44e90d0bc5704e8c7	draft6	minLength.json	2	7	7	0	0	6faf7b73d1eac9615da33147a05e0fdde90737b62a175d1ce2a9a0bc98eaaaa5
c0b038ad7244712cf73650f44e90d0bc5704e8c7	draft6	minProperties.json	2	10	10	0	0	c958aade9248bf33ae2670171379671f0484aeec434c44c9f2adf4b87f39bcf7
c0b038ad7244712cf73650f44e90d0bc5704e8c7	draft6	minimum.json	2	11	11	0	0	8e13e2a245ecffc0c39481430583ef3b11ce1ac3eb5d02617bfe6f8a022b1579
c0b038ad7244712cf73650f44e90d0bc5704e8c7	draft6	multipleOf.json	5	11	11	0	0	919162ca3ea2aa831d403b1100a04aba53e7ff2e48810a65e7f4a88ceb959ff9
c0b038ad7244712cf73650f44e90d0bc5704e8c7	draft6	not.json	8	38	38	0	0	c225b4d75dfb2a485006236f005070a2aae2f60090c761ffaf947a3259de77da
c0b038ad7244712cf73650f44e90d0bc5704e8c7	draft6	oneOf.json	11	27	27	0	0	0eff07bc5ec108eb324aeb61d9ff130a3e689b0ab4b26af40561e6b1eda3a26c
c0b038ad7244712cf73650f44e90d0bc5704e8c7	draft6	optional/bignum.json	7	9	9	0	0	9b89a405018381628c43e8e68a3c8f844bcbd6252122e60a43db5e327e512fbb
c0b038ad7244712cf73650f44e90d0bc5704e8c7	draft6	optional/ecmascript-regex.json	20	74	74	0	0	fa7d8aa98ec490ababb80d127d27f5f8ad934a94407f32ec7f45ac4b0c0e6626
c0b038ad7244712cf73650f44e90d0bc5704e8c7	draft6	optional/float-overflow.json	1	1	1	0	0	94b97e3f41cd765b52f05f8377ea1209e4bf0bd0da698b76e3869388a8fb9dc7
c0b038ad7244712cf73650f44e90d0bc5704e8c7	draft6	optional/format/date-time.json	1	29	29	0	0	86bd16aee6f485cefb1fb3373cec23f03b13f3c9b5ca3ed4cf3060c60bd1292d
c0b038ad7244712cf73650f44e90d0bc5704e8c7	draft6	optional/format/email.json	1	20	20	0	0	8dda29c4ff05e8deb8c53de1e006e22e1baed6e9a15ef5a15bb449ab7f8b6e2f
c0b038ad7244712cf73650f44e90d0bc5704e8c7	draft6	optional/format/hostname.json	1	28	28	0	0	f98fa29ef3b86932ac4f64d7759fe478eff18366869ab56bad5b92a0209804e7
c0b038ad7244712cf73650f44e90d0bc5704e8c7	draft6	optional/format/ipv4.json	1	38	38	0	0	715b53ed2ae6365f9e6cf2a0c5a10b31a2f63cf6524025bb55add5326a6dfef0
c0b038ad7244712cf73650f44e90d0bc5704e8c7	draft6	optional/format/ipv6.json	1	40	40	0	0	4f48646dc07bc95c3487a2231355f40eaa8563a07aac05e0ccdf0b4752f1c5e0
c0b038ad7244712cf73650f44e90d0bc5704e8c7	draft6	optional/format/json-pointer.json	1	40	40	0	0	e7d11ee1f717bbdeade6ab14034354fe7c1d8bf96c575aea085be14662f7994d
c0b038ad7244712cf73650f44e90d0bc5704e8c7	draft6	optional/format/unknown.json	1	7	7	0	0	cf9d4e44cccd55e757688fc6cb198aaf82c83610612ff273b0ca0733721de102
c0b038ad7244712cf73650f44e90d0bc5704e8c7	draft6	optional/format/uri-reference.json	1	17	17	0	0	42e0e8f22f26c4c20de192e92a788d2eb22a760f26a335a8e0a1c96d6cdec111
c0b038ad7244712cf73650f44e90d0bc5704e8c7	draft6	optional/format/uri-template.json	1	10	10	0	0	a63b4a280be5c73c73eb062bb815fb5c67c773a43ab8bf77f0348cc1f8498d0c
c0b038ad7244712cf73650f44e90d0bc5704e8c7	draft6	optional/format/uri.json	1	44	44	0	0	3f9a17410e4ed678ccf16b997c1888c5eb00a656ffbd5f4b0e283ffc719ecac4
c0b038ad7244712cf73650f44e90d0bc5704e8c7	draft6	optional/id.json	3	7	7	0	0	e25e4d54655a45bd916809c416c7a89e1b2450e337a16d93120e9b56072d567c
c0b038ad7244712cf73650f44e90d0bc5704e8c7	draft6	optional/non-bmp-regex.json	2	12	12	0	0	4bc9203fdcac901c98a0509543017762b03a4393cc547cf35e57579e232c5c39
c0b038ad7244712cf73650f44e90d0bc5704e8c7	draft6	optional/unknownKeyword.json	1	3	3	0	0	1ced503b09cb6f4fd81316ed4b835d33033a7278d4a09f4d971d46e369593349
c0b038ad7244712cf73650f44e90d0bc5704e8c7	draft6	pattern.json	2	9	9	0	0	92f42bdbf24f20b2b6378a8dfa882a8b40746170303f5dbe5b4cade420599507
c0b038ad7244712cf73650f44e90d0bc5704e8c7	draft6	patternProperties.json	5	23	23	0	0	2e27cf7e3c459d15c7d9a40f3daebdf673ca49c283b3bbcb3ac1f4c2d333ec4d
c0b038ad7244712cf73650f44e90d0bc5704e8c7	draft6	properties.json	6	28	28	0	0	b8246287c2b214d0e17ed4b1904b92cfde803d52546a901ce123a7ecce5b75cb
c0b038ad7244712cf73650f44e90d0bc5704e8c7	draft6	propertyNames.json	6	22	22	0	0	847e2fb9ba870632c9a13c04133511a3af9d98165de56df64c99b1d6f2eac355
c0b038ad7244712cf73650f44e90d0bc5704e8c7	draft6	ref.json	31	70	70	0	0	8f20a52bc29d7b16166885f6152b2c4cc599c587c89114922daa581f6766a7fa
c0b038ad7244712cf73650f44e90d0bc5704e8c7	draft6	refRemote.json	11	23	23	0	0	e299301bc0405e2a42632335f75325e038cafa39e647663ccd8a465771cd16e4
c0b038ad7244712cf73650f44e90d0bc5704e8c7	draft6	required.json	5	18	18	0	0	66946289772a5e931835060187b18e63bc215fbebf981b2d40d1c945145676f4
c0b038ad7244712cf73650f44e90d0bc5704e8c7	draft6	type.json	11	80	80	0	0	091aa31e688df20891de7884878b527745ddac0a3ced6d19a5ea4aa075dbbe00
c0b038ad7244712cf73650f44e90d0bc5704e8c7	draft6	uniqueItems.json	6	69	69	0	0	c633e14ebbaa66dfba92023aada363510d8f37395dc2aaabdc249465f095c454
c0b038ad7244712cf73650f44e90d0bc5704e8c7	draft7	additionalItems.json	10	19	19	0	0	c25888a38a6db63d31daa9bce5647038513a54a327dabaeb2548189f6a51fb64
c0b038ad7244712cf73650f44e90d0bc5704e8c7	draft7	additionalProperties.json	7	16	16	0	0	6ab2e5091d2d75fc047767b42cafdb493b67f2559b05bf33202a154363824b4c
c0b038ad7244712cf73650f44e90d0bc5704e8c7	draft7	allOf.json	12	30	30	0	0	940b67eca31bc9035a9864a5b00a720e6880d7780e6e4db85403bfa12222fd7a
c0b038ad7244712cf73650f44e90d0bc5704e8c7	draft7	anyOf.json	8	18	18	0	0	1175062b77388b03432d61f1b43448a71b5b2bb03696215ebe52fa5be69eec61
c0b038ad7244712cf73650f44e90d0bc5704e8c7	draft7	boolean_schema.json	2	18	18	0	0	9c8828d325b88a0c632fca22405d5481548b49fb0f9f5536ee401e4d66aa8582
c0b038ad7244712cf73650f44e90d0bc5704e8c7	draft7	const.json	17	54	54	0	0	65d2b152fbbbdd3291beb3dcc048dea1644acf3c59c68b5f72f521b5a927fcf9
c0b038ad7244712cf73650f44e90d0bc5704e8c7	draft7	contains.json	7	21	21	0	0	2a27945551b0189c264709147b46608fedb1d50b0d841817757ef60ba445f024
c0b038ad7244712cf73650f44e90d0bc5704e8c7	draft7	default.json	3	7	7	0	0	b0c16241a36d86af33b33183da33b15f5d883a141fbc2ee451d57ec679f17e7e
c0b038ad7244712cf73650f44e90d0bc5704e8c7	draft7	definitions.json	1	2	2	0	0	b1159d8adeb80362bfc09b925b20f4bacdf698f8fe437d9859b4403dfff87b24
c0b038ad7244712cf73650f44e90d0bc5704e8c7	draft7	dependencies.json	7	36	36	0	0	e5c757b8c79b669eab621eb7b2801c99aecd94dd16aa4e41662992509d249fd5
c0b038ad7244712cf73650f44e90d0bc5704e8c7	draft7	enum.json	14	45	45	0	0	497e30638e71e0a66cdc4e52a2a475416ea3f1f11294271c942725f84e8aa6cf
c0b038ad7244712cf73650f44e90d0bc5704e8c7	draft7	exclusiveMaximum.json	1	4	4	0	0	a51392482efa787d7fcea34de78de441a8807b1881ec0bc414f013cab0bf5812
c0b038ad7244712cf73650f44e90d0bc5704e8c7	draft7	exclusiveMinimum.json	1	4	4	0	0	08435add3250275173074d2b7ad519806baae83be95d7397d3a514b8ad7561d3
c0b038ad7244712cf73650f44e90d0bc5704e8c7	draft7	format.json	17	102	102	0	0	8c670c5bbf816d1bb6a7be7db526d31989e2fe3d2f95198ee7c28c34136c8f22
c0b038ad7244712cf73650f44e90d0bc5704e8c7	draft7	if-then-else.json	12	30	30	0	0	c581c49c9fd9dcaaa140bf1cee7ef9adc090399865faad75a59bf8e0c5af05a1
c0b038ad7244712cf73650f44e90d0bc5704e8c7	draft7	infinite-loop-detection.json	1	2	2	0	0	c247742221355ae165edaada14385669382c6d0cdbcc933ce8f9a693b9444de7
c0b038ad7244712cf73650f44e90d0bc5704e8c7	draft7	items.json	9	28	28	0	0	6480f868b34c832265c9ee42a7643e16873c74f11c8d735d8eea5e494c93ed02
c0b038ad7244712cf73650f44e90d0bc5704e8c7	draft7	maxItems.json	2	6	6	0	0	913397eff076de4eb63982c6682fb40cfd6117900da34f8fbb3a71839bcc813c
c0b038ad7244712cf73650f44e90d0bc5704e8c7	draft7	maxLength.json	2	7	7	0	0	3330342d36c85a7334ea3f7deb168beae26617ce83cc1d43b6ba2f618b3c2f4e
c0b038ad7244712cf73650f44e90d0bc5704e8c7	draft7	maxProperties.json	3	10	10	0	0	b57f784fdb7ec266cef13afd2de4ab9f2cfc7e2bdd86428d90be0212106babd3
c0b038ad7244712cf73650f44e90d0bc5704e8c7	draft7	maximum.json	2	8	8	0	0	b3094bf70bea8df1eb17c22a9afb47af1bcf3b8d6616bfb8bce95c1ee874e2e3
c0b038ad7244712cf73650f44e90d0bc5704e8c7	draft7	minItems.json	2	6	6	0	0	706f786718b5af39ca447d006909aa3adba53ebffe450d97cc7773f47d97bb46
c0b038ad7244712cf73650f44e90d0bc5704e8c7	draft7	minLength.json	2	7	7	0	0	6faf7b73d1eac9615da33147a05e0fdde90737b62a175d1ce2a9a0bc98eaaaa5
c0b038ad7244712cf73650f44e90d0bc5704e8c7	draft7	minProperties.json	2	10	10	0	0	c958aade9248bf33ae2670171379671f0484aeec434c44c9f2adf4b87f39bcf7
c0b038ad7244712cf73650f44e90d0bc5704e8c7	draft7	minimum.json	2	11	11	0	0	8e13e2a245ecffc0c39481430583ef3b11ce1ac3eb5d02617bfe6f8a022b1579
c0b038ad7244712cf73650f44e90d0bc5704e8c7	draft7	multipleOf.json	5	11	11	0	0	919162ca3ea2aa831d403b1100a04aba53e7ff2e48810a65e7f4a88ceb959ff9
c0b038ad7244712cf73650f44e90d0bc5704e8c7	draft7	not.json	8	38	38	0	0	c225b4d75dfb2a485006236f005070a2aae2f60090c761ffaf947a3259de77da
c0b038ad7244712cf73650f44e90d0bc5704e8c7	draft7	oneOf.json	11	27	27	0	0	0eff07bc5ec108eb324aeb61d9ff130a3e689b0ab4b26af40561e6b1eda3a26c
c0b038ad7244712cf73650f44e90d0bc5704e8c7	draft7	optional/bignum.json	7	9	9	0	0	9b89a405018381628c43e8e68a3c8f844bcbd6252122e60a43db5e327e512fbb
c0b038ad7244712cf73650f44e90d0bc5704e8c7	draft7	optional/content.json	3	10	10	0	0	0e907bd8c61d79b8cfa269d801c90bf2a35c5801e4ba1e1c3ab210b4d21e81c5
c0b038ad7244712cf73650f44e90d0bc5704e8c7	draft7	optional/cross-draft.json	1	2	2	0	0	89fd4e617cb513f4c92c91c8be3e2995b88d995b6ca51c99faf3b27fb952c9fe
c0b038ad7244712cf73650f44e90d0bc5704e8c7	draft7	optional/ecmascript-regex.json	20	74	74	0	0	fa7d8aa98ec490ababb80d127d27f5f8ad934a94407f32ec7f45ac4b0c0e6626
c0b038ad7244712cf73650f44e90d0bc5704e8c7	draft7	optional/float-overflow.json	1	1	1	0	0	94b97e3f41cd765b52f05f8377ea1209e4bf0bd0da698b76e3869388a8fb9dc7
c0b038ad7244712cf73650f44e90d0bc5704e8c7	draft7	optional/format/date-time.json	1	29	29	0	0	86bd16aee6f485cefb1fb3373cec23f03b13f3c9b5ca3ed4cf3060c60bd1292d
c0b038ad7244712cf73650f44e90d0bc5704e8c7	draft7	optional/format/date.json	1	69	69	0	0	0473680826ba482f71ad2e9dc5312434322e816cc926b73150ebac169b2e0e2a
c0b038ad7244712cf73650f44e90d0bc5704e8c7	draft7	optional/format/email.json	1	20	20	0	0	8dda29c4ff05e8deb8c53de1e006e22e1baed6e9a15ef5a15bb449ab7f8b6e2f
c0b038ad7244712cf73650f44e90d0bc5704e8c7	draft7	optional/format/hostname.json	2	61	61	0	0	8404f1a7f8d78bdc374a25a6609ca76c2da1534afabedfaccee5f5f1931c447a
c0b038ad7244712cf73650f44e90d0bc5704e8c7	draft7	optional/format/idn-email.json	1	14	14	0	0	81aa0afce752e577370c4885ad844ae255796b0a14bcfa467cba3d5669b18aa2
c0b038ad7244712cf73650f44e90d0bc5704e8c7	draft7	optional/format/idn-hostname.json	2	89	89	0	0	d7c0af4c41797087fe69369aaf069d8586550ed402d0b0d0eb0d7e57d182d67e
c0b038ad7244712cf73650f44e90d0bc5704e8c7	draft7	optional/format/ipv4.json	1	38	38	0	0	715b53ed2ae6365f9e6cf2a0c5a10b31a2f63cf6524025bb55add5326a6dfef0
c0b038ad7244712cf73650f44e90d0bc5704e8c7	draft7	optional/format/ipv6.json	1	40	40	0	0	4f48646dc07bc95c3487a2231355f40eaa8563a07aac05e0ccdf0b4752f1c5e0
c0b038ad7244712cf73650f44e90d0bc5704e8c7	draft7	optional/format/iri-reference.json	1	13	13	0	0	fa4b1e6937868dfffe1784c8b48f14b332bab77c2d0a8f4700570362a2783cb2
c0b038ad7244712cf73650f44e90d0bc5704e8c7	draft7	optional/format/iri.json	1	15	15	0	0	a7552afc228b56e0e45c66f87f932ccddf979dea52fe4e2009baea2ce1a3928a
c0b038ad7244712cf73650f44e90d0bc5704e8c7	draft7	optional/format/json-pointer.json	1	40	40	0	0	e7d11ee1f717bbdeade6ab14034354fe7c1d8bf96c575aea085be14662f7994d
c0b038ad7244712cf73650f44e90d0bc5704e8c7	draft7	optional/format/regex.json	1	8	8	0	0	f8fd602a4137b6926d99d545cc6da32d846cdc532e1d5f4ba1076392c75f3d19
c0b038ad7244712cf73650f44e90d0bc5704e8c7	draft7	optional/format/relative-json-pointer.json	1	20	20	0	0	fb4b69045f81d80253f712a3b9272dc4fe0ad6e245e36f3791a65d9b66a2590f
c0b038ad7244712cf73650f44e90d0bc5704e8c7	draft7	optional/format/time.json	1	47	47	0	0	f5fb2d917f4cf805c030c82bdc238b7beb8ae59275569d34210c823f0dcbdd15
c0b038ad7244712cf73650f44e90d0bc5704e8c7	draft7	optional/format/unknown.json	1	7	7	0	0	cf9d4e44cccd55e757688fc6cb198aaf82c83610612ff273b0ca0733721de102
c0b038ad7244712cf73650f44e90d0bc5704e8c7	draft7	optional/format/uri-reference.json	1	17	17	0	0	42e0e8f22f26c4c20de192e92a788d2eb22a760f26a335a8e0a1c96d6cdec111
c0b038ad7244712cf73650f44e90d0bc5704e8c7	draft7	optional/format/uri-template.json	1	10	10	0	0	a63b4a280be5c73c73eb062bb815fb5c67c773a43ab8bf77f0348cc1f8498d0c
c0b038ad7244712cf73650f44e90d0bc5704e8c7	draft7	optional/format/uri.json	1	44	44	0	0	3f9a17410e4ed678ccf16b997c1888c5eb00a656ffbd5f4b0e283ffc719ecac4
c0b038ad7244712cf73650f44e90d0bc5704e8c7	draft7	optional/id.json	3	7	7	0	0	45096207dda6ec9f062bc90e94dcb568300ad89f8fdced1ce7ca4038ba0316e2
c0b038ad7244712cf73650f44e90d0bc5704e8c7	draft7	optional/non-bmp-regex.json	2	12	12	0	0	4bc9203fdcac901c98a0509543017762b03a4393cc547cf35e57579e232c5c39
c0b038ad7244712cf73650f44e90d0bc5704e8c7	draft7	optional/unknownKeyword.json	1	3	3	0	0	1ced503b09cb6f4fd81316ed4b835d33033a7278d4a09f4d971d46e369593349
c0b038ad7244712cf73650f44e90d0bc5704e8c7	draft7	pattern.json	2	9	9	0	0	92f42bdbf24f20b2b6378a8dfa882a8b40746170303f5dbe5b4cade420599507
c0b038ad7244712cf73650f44e90d0bc5704e8c7	draft7	patternProperties.json	5	23	23	0	0	2e27cf7e3c459d15c7d9a40f3daebdf673ca49c283b3bbcb3ac1f4c2d333ec4d
c0b038ad7244712cf73650f44e90d0bc5704e8c7	draft7	properties.json	6	28	28	0	0	b8246287c2b214d0e17ed4b1904b92cfde803d52546a901ce123a7ecce5b75cb
c0b038ad7244712cf73650f44e90d0bc5704e8c7	draft7	propertyNames.json	6	22	22	0	0	847e2fb9ba870632c9a13c04133511a3af9d98165de56df64c99b1d6f2eac355
c0b038ad7244712cf73650f44e90d0bc5704e8c7	draft7	ref.json	35	78	78	0	0	217aebe267fab77ff9bb3332d559054cf1602077abb3395dae417c0b6db6d789
c0b038ad7244712cf73650f44e90d0bc5704e8c7	draft7	refRemote.json	11	23	23	0	0	6051ea8dfa9cdb3d7ec5802e7eb824be40ae5bc0d224706055d3cb57eeae6455
c0b038ad7244712cf73650f44e90d0bc5704e8c7	draft7	required.json	5	18	18	0	0	66946289772a5e931835060187b18e63bc215fbebf981b2d40d1c945145676f4
c0b038ad7244712cf73650f44e90d0bc5704e8c7	draft7	type.json	11	80	80	0	0	091aa31e688df20891de7884878b527745ddac0a3ced6d19a5ea4aa075dbbe00
c0b038ad7244712cf73650f44e90d0bc5704e8c7	draft7	uniqueItems.json	6	69	69	0	0	c633e14ebbaa66dfba92023aada363510d8f37395dc2aaabdc249465f095c454
c0b038ad7244712cf73650f44e90d0bc5704e8c7	draft2019-09	additionalItems.json	10	19	19	0	0	d3510542ed9e7540734f1a933a0c74a6810b2c1f7653dba2f6e2c4a909cdb2a1
c0b038ad7244712cf73650f44e90d0bc5704e8c7	draft2019-09	additionalProperties.json	9	21	21	0	0	254760174c9e1392f6fab735cc1757f892112bb7cc66de2bef988acd01e420bf
c0b038ad7244712cf73650f44e90d0bc5704e8c7	draft2019-09	allOf.json	12	30	30	0	0	65b0f1871c9e170e6007c6fadde597b1183e32a058e0eb7546b8acd17a3dfca8
c0b038ad7244712cf73650f44e90d0bc5704e8c7	draft2019-09	anchor.json	4	8	8	0	0	e6d3b53bfa6e42d46966f3d9c08e3ad9baaef8e9771debc43296f3897844df2c
c0b038ad7244712cf73650f44e90d0bc5704e8c7	draft2019-09	anyOf.json	8	18	18	0	0	2e69009e908bedf7258f576f18d4c63249c7a81c1120774c0e455e1ac593dfc0
c0b038ad7244712cf73650f44e90d0bc5704e8c7	draft2019-09	boolean_schema.json	2	18	18	0	0	9c8828d325b88a0c632fca22405d5481548b49fb0f9f5536ee401e4d66aa8582
c0b038ad7244712cf73650f44e90d0bc5704e8c7	draft2019-09	const.json	17	54	54	0	0	a76a62942aa536d1890881816402cd4b472941b15ed5ca1921584c3c491db419
c0b038ad7244712cf73650f44e90d0bc5704e8c7	draft2019-09	contains.json	7	21	21	0	0	8ac9f3df7b9a6be5a7304b2f9b8319d77f55bd350ed6df70915e18c3d95615a3
c0b038ad7244712cf73650f44e90d0bc5704e8c7	draft2019-09	content.json	4	18	18	0	0	9924ec20f5a33ce4a5a28b4753097e55b90f2d2b53aa9146948c908abc10a69f
c0b038ad7244712cf73650f44e90d0bc5704e8c7	draft2019-09	default.json	3	7	7	0	0	2d072e4bccdb8ac43eb9aff4ffbafc61ca28a0c2e64b938fa40ea5defb895113
c0b038ad7244712cf73650f44e90d0bc5704e8c7	draft2019-09	defs.json	1	2	2	0	0	986a134eacc20accd4f4e456d17a3c023c6344f8f5290626217e03223ee8c392
c0b038ad7244712cf73650f44e90d0bc5704e8c7	draft2019-09	dependentRequired.json	4	20	20	0	0	c40d7d1428e097f5c5eda914fa405723fbe584098169687404da6d1294e45b2a
c0b038ad7244712cf73650f44e90d0bc5704e8c7	draft2019-09	dependentSchemas.json	4	20	20	0	0	738dc9f1d4b059d8a1c99b6ac5ae089d3602c1d77bfb1a66baabb35a9fee0ecc
c0b038ad7244712cf73650f44e90d0bc5704e8c7	draft2019-09	enum.json	15	51	51	0	0	3779566d827b6c712391e6fe31a6ede5a287b6791110c1b6c640895f276cc4c3
c0b038ad7244712cf73650f44e90d0bc5704e8c7	draft2019-09	exclusiveMaximum.json	1	4	4	0	0	206f942e822b528c61ad6a61ed9e8d6e1bd2f6b509a1e0f016467203ac96b26f
c0b038ad7244712cf73650f44e90d0bc5704e8c7	draft2019-09	exclusiveMinimum.json	1	4	4	0	0	08647a7ba5ff2849ad21f09f3e8dd58b309551748b5f6af7ad86a540d7c3405b
c0b038ad7244712cf73650f44e90d0bc5704e8c7	draft2019-09	format.json	19	114	114	0	0	c3a2a801717efedf6642e477ae1c5ab5e2bbbf16fa6062b77784788ae1af49ae
c0b038ad7244712cf73650f44e90d0bc5704e8c7	draft2019-09	if-then-else.json	12	30	30	0	0	b2bb58b9ae4af6d43a34d1521ea7da5a3fc96289bac0b67d39f2e31a978a27d4
c0b038ad7244712cf73650f44e90d0bc5704e8c7	draft2019-09	infinite-loop-detection.json	1	2	2	0	0	b3f806b67566eaa5947c2cb7577765be27e190b8dfef082fff7e4786180be52b
c0b038ad7244712cf73650f44e90d0bc5704e8c7	draft2019-09	items.json	9	28	28	0	0	b8735d6823326d53957077d3daf6f398e4a98fb5838ded090c9f1921051231c8
c0b038ad7244712cf73650f44e90d0bc5704e8c7	draft2019-09	maxContains.json	5	14	14	0	0	94b98f07ca39b10e55e4dbc05637b26b24d3bc2ebf0a49eb02e372381fb66845
c0b038ad7244712cf73650f44e90d0bc5704e8c7	draft2019-09	maxItems.json	2	6	6	0	0	35d0994148334d67288321091a972cf514be66b4220a7b29ff542f04d1b79bce
c0b038ad7244712cf73650f44e90d0bc5704e8c7	draft2019-09	maxLength.json	2	7	7	0	0	685fc4f89933fa625b05c50fa7f16788b92453155610de5b254bea430ea52c5d
c0b038ad7244712cf73650f44e90d0bc5704e8c7	draft2019-09	maxProperties.json	3	10	10	0	0	7775551060b531ed5ea38b1ce72dbc8dd9901811ba5bc74b6d4a3069fc21cef4
c0b038ad7244712cf73650f44e90d0bc5704e8c7	draft2019-09	maximum.json	2	8	8	0	0	a43e0da6c564d42267883436ac797de0e74d1d974d7b8609e50bda4e0b3f2b73
c0b038ad7244712cf73650f44e90d0bc5704e8c7	draft2019-09	minContains.json	8	28	28	0	0	59ba657ab72eca4228d2a01c9781897cbe91836ac462a741f0477c6a61883b8f
c0b038ad7244712cf73650f44e90d0bc5704e8c7	draft2019-09	minItems.json	2	6	6	0	0	bd0ced444d8626b31724a6bb359966ac22819c54d7afb52224add0d74b4ebf9f
c0b038ad7244712cf73650f44e90d0bc5704e8c7	draft2019-09	minLength.json	2	7	7	0	0	a38baf1bd8deb651ed5aadc721cbe6e1b528b9be9d6463c9487fa9c2121ec130
c0b038ad7244712cf73650f44e90d0bc5704e8c7	draft2019-09	minProperties.json	2	10	10	0	0	c8077875f83cb132b8ea83b89a0e4062f61e558bfd297177c4de7c1e82bfc84c
c0b038ad7244712cf73650f44e90d0bc5704e8c7	draft2019-09	minimum.json	2	11	11	0	0	a954e204d4fa07d30399cff520208dfdc41d3fad3c05784175a4a2695e721524
c0b038ad7244712cf73650f44e90d0bc5704e8c7	draft2019-09	multipleOf.json	5	11	11	0	0	6ed5fc2c5b1ead6e9997eb60a6b22bd1f1b04053d3bd5d0696fe2b642264d73a
c0b038ad7244712cf73650f44e90d0bc5704e8c7	draft2019-09	not.json	9	40	40	0	0	6873ad2ffd5113df4d01efe82c5350a2d73259a8bf482077ed232b83c689490b
c0b038ad7244712cf73650f44e90d0bc5704e8c7	draft2019-09	oneOf.json	11	27	27	0	0	f775a719ef65c71895e4f8ea1860102711fdb647f29d063984f777cd0b5eb352
c0b038ad7244712cf73650f44e90d0bc5704e8c7	draft2019-09	optional/anchor.json	1	4	4	0	0	0e4ad6bddb1ddda2d3a636a4140589358286183e66a7eb0321b2e2ac8711cd7b
c0b038ad7244712cf73650f44e90d0bc5704e8c7	draft2019-09	optional/bignum.json	7	9	9	0	0	0948aa514091e7114c8d9b381c0b8989f8e1393c1443e27f05aa391a33dfcf1d
c0b038ad7244712cf73650f44e90d0bc5704e8c7	draft2019-09	optional/cross-draft.json	2	3	3	0	0	dd890f7ff6be9bc5d2ae32e6fefa26a1543790bf1d948642d4f52b3ae2d9eada
c0b038ad7244712cf73650f44e90d0bc5704e8c7	draft2019-09	optional/dependencies-compatibility.json	7	36	36	0	0	1125bc7eaddd183c87e5e2e16040be70013e68f563822cdd60d891e9ef013410
c0b038ad7244712cf73650f44e90d0bc5704e8c7	draft2019-09	optional/ecmascript-regex.json	20	74	74	0	0	d876faa28124e743ed3ed4d60ff2ea0c39781a9ac34b9a21788ecaa768d26127
c0b038ad7244712cf73650f44e90d0bc5704e8c7	draft2019-09	optional/float-overflow.json	1	1	1	0	0	0986aa8e24b00f4fe740da8ad1449042cf3d461b628e0625ec4f544fc7b2299f
c0b038ad7244712cf73650f44e90d0bc5704e8c7	draft2019-09	optional/format/date-time.json	1	29	29	0	0	545a371e08954892e03f640a31c72880346ed8b39e99026af4780b84916d6bf0
c0b038ad7244712cf73650f44e90d0bc5704e8c7	draft2019-09	optional/format/date.json	1	69	69	0	0	573f2f843fcb2de2fe6e1f6db0a1047770f3afbb3a2e7a0a1ddd17d6a6d92e44
c0b038ad7244712cf73650f44e90d0bc5704e8c7	draft2019-09	optional/format/duration.json	1	42	42	0	0	93c1c29f1a7a8a9b14a05a6a73bab5bc33c407a1ec8e4ade3695d96ae7c51865
c0b038ad7244712cf73650f44e90d0bc5704e8c7	draft2019-09	optional/format/email.json	1	20	20	0	0	89a917a551ea396df7dd513e0e86bb6a8aa914aeb6c005a805053b9b56476c0b
c0b038ad7244712cf73650f44e90d0bc5704e8c7	draft2019-09	optional/format/hostname.json	2	61	61	0	0	2955ebc9c519e7ff36b3bffd61b42bdd3a7d9851f5daa3a94af53dbbc1afb017
c0b038ad7244712cf73650f44e90d0bc5704e8c7	draft2019-09	optional/format/idn-email.json	1	14	14	0	0	064ec269ab6c18ac02aa45f76cd7ceabe7dc3d83a5c83309867f46b6a195fc1e
c0b038ad7244712cf73650f44e90d0bc5704e8c7	draft2019-09	optional/format/idn-hostname.json	2	90	90	0	0	69055831f7f4c861ef0b1eadeb776246a472002db81a26029ad6ab88ef5b8279
c0b038ad7244712cf73650f44e90d0bc5704e8c7	draft2019-09	optional/format/ipv4.json	1	38	38	0	0	d58ff03f92ef885ca6d15e79579a8dc8e5d4be3ff2116f58d2911772d4484547
c0b038ad7244712cf73650f44e90d0bc5704e8c7	draft2019-09	optional/format/ipv6.json	1	40	40	0	0	08782c7f850f70bf3e459ccc1b7dfa7b2a2c9ecb3c49838639cb4bf10c413f73
c0b038ad7244712cf73650f44e90d0bc5704e8c7	draft2019-09	optional/format/iri-reference.json	1	13	13	0	0	533a19677cf2e24d71af5267651b31ad277e88eb85f0a4777597167234aae11e
c0b038ad7244712cf73650f44e90d0bc5704e8c7	draft2019-09	optional/format/iri.json	1	15	15	0	0	baab3d75ed4791f59fde0c6cd43ae53daa5b25d36a3bbcf2b09e2e2eb09b5543
c0b038ad7244712cf73650f44e90d0bc5704e8c7	draft2019-09	optional/format/json-pointer.json	1	40	40	0	0	20ef02649cb8c3e9eb2825580bfa7e38093ad255a3bfaa0a935acfc4dfa3268e
c0b038ad7244712cf73650f44e90d0bc5704e8c7	draft2019-09	optional/format/regex.json	1	8	8	0	0	90e701cd73b70a56d6130b66721d2f8269ab00d7a2c323af98f50dd32347284e
c0b038ad7244712cf73650f44e90d0bc5704e8c7	draft2019-09	optional/format/relative-json-pointer.json	1	20	20	0	0	2db47fdbc7b23b8eaf1945141bc2af97bb605d81fc085f3e428d0c0de779e40f
c0b038ad7244712cf73650f44e90d0bc5704e8c7	draft2019-09	optional/format/time.json	1	47	47	0	0	d151d52e1d1b95df0aee376871519f2980d5d4b666c953f66120e4c91bd6243d
c0b038ad7244712cf73650f44e90d0bc5704e8c7	draft2019-09	optional/format/unknown.json	1	7	7	0	0	aa925757b3a268005784400a5ee29a6d0335cd40a8cb3b01d6fa4029ad6bf209
c0b038ad7244712cf73650f44e90d0bc5704e8c7	draft2019-09	optional/format/uri-reference.json	1	17	17	0	0	b70682c59b919a468ed5f362a63740784bba07c7e83857069aa662fc928f9a28
c0b038ad7244712cf73650f44e90d0bc5704e8c7	draft2019-09	optional/format/uri-template.json	1	10	10	0	0	f1fd212703e25c98e09fb1799aee269f526420ae8aef1b9aababa97d2c3a7c32
c0b038ad7244712cf73650f44e90d0bc5704e8c7	draft2019-09	optional/format/uri.json	1	44	44	0	0	70505fadeafbb3da967230c50fd346617a06bdac591ae0b33d69eb7256da1496
c0b038ad7244712cf73650f44e90d0bc5704e8c7	draft2019-09	optional/format/uuid.json	1	25	25	0	0	bb89f7d2f570004b9d667d0d24f1e02fc54b0c58550f5465af83964ccfa1747a
c0b038ad7244712cf73650f44e90d0bc5704e8c7	draft2019-09	optional/id.json	1	3	3	0	0	e814e6976feccba44cfb7921b855c6f7cd50d72e6ca4ad07389e8f435e4943e0
c0b038ad7244712cf73650f44e90d0bc5704e8c7	draft2019-09	optional/no-schema.json	1	3	3	0	0	8ddd0dc73d767875606b19732b63537b6e00ccfe2aa7e18bdc274a8b934a30c5
c0b038ad7244712cf73650f44e90d0bc5704e8c7	draft2019-09	optional/non-bmp-regex.json	2	12	12	0	0	edbae2e55e35677dd1e157a586d41c9384b41dfc15c05b428e9019fc891f9450
c0b038ad7244712cf73650f44e90d0bc5704e8c7	draft2019-09	optional/refOfUnknownKeyword.json	5	10	10	0	0	4f6d242efe05adb82f041bfa372d726474d26ccbf2e90e69ca1c4bae508872de
c0b038ad7244712cf73650f44e90d0bc5704e8c7	draft2019-09	optional/unknownKeyword.json	1	3	3	0	0	434fae941acf463d0c52c931d4608e7f472089c3109c8d39056ed1fa462a78c0
c0b038ad7244712cf73650f44e90d0bc5704e8c7	draft2019-09	pattern.json	2	9	9	0	0	2312ec304a38ae7fea854e11238d249d830a8ab52d0567cbdd7f0e9a3f464a98
c0b038ad7244712cf73650f44e90d0bc5704e8c7	draft2019-09	patternProperties.json	5	23	23	0	0	2d69dead917ab69282308ad8d7c4edb50d44beeb5b16ecd41bbbe07b21f569da
c0b038ad7244712cf73650f44e90d0bc5704e8c7	draft2019-09	properties.json	6	28	28	0	0	a0c951e7730a71796e5fd9d1bd73a19699b54657808be10f9f00f2ccfea67b62
c0b038ad7244712cf73650f44e90d0bc5704e8c7	draft2019-09	propertyNames.json	6	22	22	0	0	831d5c7ac97b45f936bfd4204f1cae5d35d73612cfb9dc9d928be48aea45421c
c0b038ad7244712cf73650f44e90d0bc5704e8c7	draft2019-09	recursiveRef.json	9	34	34	0	0	fee5dca277537f5880422fb1a7e0be1597932999088ff78e02b4c7997db21e45
c0b038ad7244712cf73650f44e90d0bc5704e8c7	draft2019-09	ref.json	37	81	81	0	0	ea05564cb429cc0cae75c226f5d0dd08c9930f8a3fd82cba12c29ebe0ae202bb
c0b038ad7244712cf73650f44e90d0bc5704e8c7	draft2019-09	refRemote.json	15	31	31	0	0	b15ebea042fd25036693478477a1128477f403b130a60fa42478d9178f3e9e4d
c0b038ad7244712cf73650f44e90d0bc5704e8c7	draft2019-09	required.json	5	18	18	0	0	e36dca4d3c453b0d8dc6d0422ac3a0e60ba8a963cb235c61618aaf15e9026daf
c0b038ad7244712cf73650f44e90d0bc5704e8c7	draft2019-09	type.json	11	80	80	0	0	4cb38c7358e791752ee36d43c6d295dfa4e161efada1d55560ca32b417b6a7db
c0b038ad7244712cf73650f44e90d0bc5704e8c7	draft2019-09	unevaluatedItems.json	26	56	56	0	0	18ae6f8917e4761cb6197bbe694cd1ebcc0b635953534908138a813c04dd4fa0
c0b038ad7244712cf73650f44e90d0bc5704e8c7	draft2019-09	unevaluatedProperties.json	44	129	129	0	0	b02d2deed4f569ef2246e95f7d73ac9b519cf49000a0cea72a308aae4334ef37
c0b038ad7244712cf73650f44e90d0bc5704e8c7	draft2019-09	uniqueItems.json	6	69	69	0	0	4a5d83b4d496cd7bf75e8f963093d154b16231f1a1bc889215eea9a6ad94c596
c0b038ad7244712cf73650f44e90d0bc5704e8c7	draft2019-09	vocabulary.json	2	5	5	0	0	9631e964b5d052a0a8673910c8b5a4b3586433ca9f7719517d36fe604301b5ec
c0b038ad7244712cf73650f44e90d0bc5704e8c7	draft2020-12	additionalProperties.json	9	21	21	0	0	b96bd533416386ac6421737b48c5c072870ab5dbea910585e9e8fa6305c7ca91
c0b038ad7244712cf73650f44e90d0bc5704e8c7	draft2020-12	allOf.json	12	30	30	0	0	81045b06706a28f6aa337b485b41a764098e10ac73bb1d346ba0a4285a63e970
c0b038ad7244712cf73650f44e90d0bc5704e8c7	draft2020-12	anchor.json	4	8	8	0	0	6f60e0782be6072733701459684cadf3741ddd60d96b14698b4d9a19075e9f1e
c0b038ad7244712cf73650f44e90d0bc5704e8c7	draft2020-12	anyOf.json	8	18	18	0	0	7a6fe41602496c256334ffa3e6fb457b26ac23b97ca03cb16b724ad21a7d216d
c0b038ad7244712cf73650f44e90d0bc5704e8c7	draft2020-12	boolean_schema.json	2	18	18	0	0	9c8828d325b88a0c632fca22405d5481548b49fb0f9f5536ee401e4d66aa8582
c0b038ad7244712cf73650f44e90d0bc5704e8c7	draft2020-12	const.json	17	54	54	0	0	83a148d2589cbd211e7e64b31763290f8869d763f513de4658e8d25f0fcc025e
c0b038ad7244712cf73650f44e90d0bc5704e8c7	draft2020-12	contains.json	7	21	21	0	0	086782fc8b54ac77a4a2afe8b84f8cc7fc9ca7b22473ebd8db3480f2eb8d0ab6
c0b038ad7244712cf73650f44e90d0bc5704e8c7	draft2020-12	content.json	4	18	18	0	0	9b08c408d32cf64f1966aa300cc246355799d883ed278a61d720493f61711bab
c0b038ad7244712cf73650f44e90d0bc5704e8c7	draft2020-12	default.json	3	7	7	0	0	db4a8382727f6c687a0fc7bb24347e010c3fcfabd1207150ce025e1a763f6094
c0b038ad7244712cf73650f44e90d0bc5704e8c7	draft2020-12	defs.json	1	2	2	0	0	5a352f0b1ad9aa906758fa4d363a77c4c4b29cfc193e8d6f7ab1e184be2a75d5
c0b038ad7244712cf73650f44e90d0bc5704e8c7	draft2020-12	dependentRequired.json	4	20	20	0	0	0824c393115498ac1a62551c3174a3ccd54ee4ef323d5eb9de0dfe3a185ad666
c0b038ad7244712cf73650f44e90d0bc5704e8c7	draft2020-12	dependentSchemas.json	4	20	20	0	0	f77df8d5243c0f58e04053a14a30706f5a6d5a9e7eccbfd17f8d6445841f8752
c0b038ad7244712cf73650f44e90d0bc5704e8c7	draft2020-12	dynamicRef.json	21	44	44	0	0	dabad36a92ad5747f6b4f77907addf64795422589bbebdea7af8ff1a2b61879d
c0b038ad7244712cf73650f44e90d0bc5704e8c7	draft2020-12	enum.json	15	51	51	0	0	3c33dae8cb5f129bbf6f0308024ded01ca0df75891771b5ba229e31f8241d36e
c0b038ad7244712cf73650f44e90d0bc5704e8c7	draft2020-12	exclusiveMaximum.json	1	4	4	0	0	e37fc110c48e2a9de564579ceba3e8ab098a36f904dcc1ef02f8cf7b59dc0473
c0b038ad7244712cf73650f44e90d0bc5704e8c7	draft2020-12	exclusiveMinimum.json	1	4	4	0	0	0395a2423606d07943d3d355d1c9c4a474cc7cb544d3c8f266ceab801c5f0a6d
c0b038ad7244712cf73650f44e90d0bc5704e8c7	draft2020-12	format.json	19	133	133	0	0	3baf934e2aeace523012f92994e3c9f4b6142d68ba9ece0c12becaffa52eaf5f
c0b038ad7244712cf73650f44e90d0bc5704e8c7	draft2020-12	if-then-else.json	12	30	30	0	0	4bc76318e6df0e8294cb9aa8a3bf95f04fa9cfea96f295a3b55e725d1289c809
c0b038ad7244712cf73650f44e90d0bc5704e8c7	draft2020-12	infinite-loop-detection.json	1	2	2	0	0	9fffe850049048a0e411133f7e5fec347f97c077bde65b34c67dadf96e046bcc
c0b038ad7244712cf73650f44e90d0bc5704e8c7	draft2020-12	items.json	10	29	29	0	0	d924a8171f1f1d04ff026a4e3491d1376297145563158543005b7073b69ab913
c0b038ad7244712cf73650f44e90d0bc5704e8c7	draft2020-12	maxContains.json	5	14	14	0	0	2d7cf7557b87b15a08457badc66905593834bbdda98f325a22d136dfdefe81ed
c0b038ad7244712cf73650f44e90d0bc5704e8c7	draft2020-12	maxItems.json	2	6	6	0	0	59fa6236c0766aaac5fb7c9ef82e205c230efa94271485f614218291be7cbc5c
c0b038ad7244712cf73650f44e90d0bc5704e8c7	draft2020-12	maxLength.json	2	7	7	0	0	ac43a3991586f2d2d1e7e37cad01bb1a7b1c5d9ad7b558d6029d24b41a04d1a9
c0b038ad7244712cf73650f44e90d0bc5704e8c7	draft2020-12	maxProperties.json	3	10	10	0	0	4f1d14ac74862f134e6769884a7e72d47328daf91e2c6b475ae5f99891e3477d
c0b038ad7244712cf73650f44e90d0bc5704e8c7	draft2020-12	maximum.json	2	8	8	0	0	dfbc88ef4ede2966250fb2ad44076856d51481ea01ce679cca70efe47606ee90
c0b038ad7244712cf73650f44e90d0bc5704e8c7	draft2020-12	minContains.json	8	28	28	0	0	2aca05e48dbdf605fe14c775f5470061cf4c8b679e3e6a955a18334ea97d3c23
c0b038ad7244712cf73650f44e90d0bc5704e8c7	draft2020-12	minItems.json	2	6	6	0	0	9792cedc446be654836b42d0312eca12051e9e2f24cd5d95dcd3f3fc9adccd0a
c0b038ad7244712cf73650f44e90d0bc5704e8c7	draft2020-12	minLength.json	2	7	7	0	0	999e9731c57a1296e06e8b9b36b0531614ab7a6ac3c20db6fed50badbf3850ab
c0b038ad7244712cf73650f44e90d0bc5704e8c7	draft2020-12	minProperties.json	2	10	10	0	0	00f641408d1dc3ff81743e0c730eb430ff818e3bbe37007a64138bd513ade05a
c0b038ad7244712cf73650f44e90d0bc5704e8c7	draft2020-12	minimum.json	2	11	11	0	0	f6a29cb574b76621da23636a636cf12cb31b01646b89543e6ce1a813376439a3
c0b038ad7244712cf73650f44e90d0bc5704e8c7	draft2020-12	multipleOf.json	5	11	11	0	0	ada35b586efe55186d35d8888a4e4954724c313253b59bd47ec03637a44cb4ad
c0b038ad7244712cf73650f44e90d0bc5704e8c7	draft2020-12	not.json	9	40	40	0	0	1fd6ef263efd365680c6aaf8f23aa5430d7b9f80b84f46b1208b1ed8353c28b4
c0b038ad7244712cf73650f44e90d0bc5704e8c7	draft2020-12	oneOf.json	11	27	27	0	0	a8d80a786d07769cb9b8b9a8903ca4f7aa564446ae6b781c7f7f6ffea11ed363
c0b038ad7244712cf73650f44e90d0bc5704e8c7	draft2020-12	optional/anchor.json	1	4	4	0	0	5489247c9d8e1a6513137cf0f979cf0fc7b391d4e4e65db0c9833afe30f0a1fa
c0b038ad7244712cf73650f44e90d0bc5704e8c7	draft2020-12	optional/bignum.json	7	9	9	0	0	52608148c500b3c4eeab2066317939cee5901991c38a234f4cc6179289cd8bf4
c0b038ad7244712cf73650f44e90d0bc5704e8c7	draft2020-12	optional/cross-draft.json	1	1	1	0	0	de66c92876b3ba15ca43f2018ba6cd2451d4a5c8867aae5e7e660a31b3dba0cd
c0b038ad7244712cf73650f44e90d0bc5704e8c7	draft2020-12	optional/dependencies-compatibility.json	7	36	36	0	0	309878857448fb606bb0809c88c8756100a16bc5fbb976ffbb26721468ccd1d2
c0b038ad7244712cf73650f44e90d0bc5704e8c7	draft2020-12	optional/dynamicRef.json	1	2	2	0	0	eb6e0dfc35dc5d6cc075cbdfd79f96206d827b249017ab4a2c442255985a5384
c0b038ad7244712cf73650f44e90d0bc5704e8c7	draft2020-12	optional/ecmascript-regex.json	20	74	74	0	0	8ee6227f32327b5debb30a78088636f5eef3968840f685c615d4be636fd90c92
c0b038ad7244712cf73650f44e90d0bc5704e8c7	draft2020-12	optional/float-overflow.json	1	1	1	0	0	bfccb3bf6e4eb6f15a572dccc0e7ad93e6ff24911991355fd9ba2d75deae02e1
c0b038ad7244712cf73650f44e90d0bc5704e8c7	draft2020-12	optional/format-assertion.json	2	4	4	0	0	5ddc556bc2e991b36070aa116ee19d347ef778eb1b7f00efc70da0bae90005be
c0b038ad7244712cf73650f44e90d0bc5704e8c7	draft2020-12	optional/format/date-time.json	1	29	29	0	0	46ba3dafa31a44b68ff125cf17a42db7e80577b3547026310a45460512604218
c0b038ad7244712cf73650f44e90d0bc5704e8c7	draft2020-12	optional/format/date.json	1	69	69	0	0	aa9fb01ad84e0c703f40cff8f98ae6f467f563a73725d8416774a09129e83c6f
c0b038ad7244712cf73650f44e90d0bc5704e8c7	draft2020-12	optional/format/duration.json	1	42	42	0	0	d70e2718419d2122ae207cf466b64d15a82eb4bb46ce7eac8dab969f498a3f61
c0b038ad7244712cf73650f44e90d0bc5704e8c7	draft2020-12	optional/format/ecmascript-regex.json	1	1	1	0	0	d5bff07d3dab0fec8f7c1438ea1715063f4572d97f2793db92b7eff35922636f
c0b038ad7244712cf73650f44e90d0bc5704e8c7	draft2020-12	optional/format/email.json	1	27	27	0	0	46bd89eb19e8bf49e6cf9e800f2a2741805485254b4b6825e805f6334b2b42a9
c0b038ad7244712cf73650f44e90d0bc5704e8c7	draft2020-12	optional/format/hostname.json	2	61	61	0	0	1d54f4f8474feec124c4c5f5d33e58578f6a4c9aec7809d816a1c1092b2e7b26
c0b038ad7244712cf73650f44e90d0bc5704e8c7	draft2020-12	optional/format/idn-email.json	1	14	14	0	0	4ed671ef584502ec0147035e91a5f6978f3b524b7d98c4eeb324f1efb40741a1
c0b038ad7244712cf73650f44e90d0bc5704e8c7	draft2020-12	optional/format/idn-hostname.json	2	90	90	0	0	30313ae34e5d9a306187c3681b037da756cd825b1b4ed414704125c07916b49b
c0b038ad7244712cf73650f44e90d0bc5704e8c7	draft2020-12	optional/format/ipv4.json	1	38	38	0	0	7750106f568f3c414a35f912feb8968861d663813e777c692ebe33e84722f7c0
c0b038ad7244712cf73650f44e90d0bc5704e8c7	draft2020-12	optional/format/ipv6.json	1	40	40	0	0	665af3c1b66cb0e651df527205b159b3744ae6e135db20d85477868b2c536392
c0b038ad7244712cf73650f44e90d0bc5704e8c7	draft2020-12	optional/format/iri-reference.json	1	13	13	0	0	bbf43a4d168e7f1fa8d737f37c3a61d9fdd8a423f462e639a836eb7a50a41887
c0b038ad7244712cf73650f44e90d0bc5704e8c7	draft2020-12	optional/format/iri.json	1	15	15	0	0	9b27bcedac53ff2dcca23389ced9bcfceeaebfee84c649af9ad80bfdacd6d50e
c0b038ad7244712cf73650f44e90d0bc5704e8c7	draft2020-12	optional/format/json-pointer.json	1	40	40	0	0	0388151d9484b9dd10b734431a8dd742b52c2495b3ba9377c941d03faf099bc1
c0b038ad7244712cf73650f44e90d0bc5704e8c7	draft2020-12	optional/format/regex.json	1	8	8	0	0	38d81f166bf22df5dba59e8360ca44f4113129e483fb4f4f3e704a2f2fd28499
c0b038ad7244712cf73650f44e90d0bc5704e8c7	draft2020-12	optional/format/relative-json-pointer.json	1	20	20	0	0	ae0eb01b8039660e70adc4b85919f6915610839cc7e092e0d4b0896c4f8baca8
c0b038ad7244712cf73650f44e90d0bc5704e8c7	draft2020-12	optional/format/time.json	1	47	47	0	0	6e334ae0b8ce81ae3145ec5a04e76c1fd51a7a1c4451ca34697cd035b9f89082
c0b038ad7244712cf73650f44e90d0bc5704e8c7	draft2020-12	optional/format/unknown.json	1	7	7	0	0	34278f85cf5648d5bb054fa83ee022dd6603e63eefc79bb118d9c72130acc67e
c0b038ad7244712cf73650f44e90d0bc5704e8c7	draft2020-12	optional/format/uri-reference.json	1	17	17	0	0	cb7d135abe61fad49e7217d03a710dec275c22da60584c47f69c9fc9d8bea44d
c0b038ad7244712cf73650f44e90d0bc5704e8c7	draft2020-12	optional/format/uri-template.json	1	10	10	0	0	02753aa3f3e38c29b3ed0231305ba77f0427f922aca9b974ed3351da07b6134e
c0b038ad7244712cf73650f44e90d0bc5704e8c7	draft2020-12	optional/format/uri.json	1	44	44	0	0	4b429db5f4203969ccb34c7a5cb423d436d5bc397c30e09cf06620de6f54acbf
c0b038ad7244712cf73650f44e90d0bc5704e8c7	draft2020-12	optional/format/uuid.json	1	25	25	0	0	f423819d4c71a16badffd0be178471bb581f5448e5f27f7032bf00fbb8a20b2a
c0b038ad7244712cf73650f44e90d0bc5704e8c7	draft2020-12	optional/id.json	1	3	3	0	0	4d0a3082a630b5a2dcc605000f0129f481da400019b8346f0b3cf77192f0acc8
c0b038ad7244712cf73650f44e90d0bc5704e8c7	draft2020-12	optional/no-schema.json	1	3	3	0	0	8ddd0dc73d767875606b19732b63537b6e00ccfe2aa7e18bdc274a8b934a30c5
c0b038ad7244712cf73650f44e90d0bc5704e8c7	draft2020-12	optional/non-bmp-regex.json	2	12	12	0	0	b01f24ba860f74baad227988571d44edd6461f51dc5319e418802f2f789721f1
c0b038ad7244712cf73650f44e90d0bc5704e8c7	draft2020-12	optional/refOfUnknownKeyword.json	5	10	10	0	0	deb7915d8926158fbc5b4a6c12383486c31adedbe025620af8b466bcb09b743c
c0b038ad7244712cf73650f44e90d0bc5704e8c7	draft2020-12	optional/unknownKeyword.json	1	3	3	0	0	dc66418e962824759cbf5eb6c5a655de320ffeecbb77fd42d50b6e95f9bccecb
c0b038ad7244712cf73650f44e90d0bc5704e8c7	draft2020-12	pattern.json	3	12	12	0	0	60713a3b01957fad54f00ab30b378463b3e07b35242c945a9325f8d6ae7080fc
c0b038ad7244712cf73650f44e90d0bc5704e8c7	draft2020-12	patternProperties.json	6	25	25	0	0	0ffca33f7c234490248c8a1cb6a68c8cd25e1ff96cffa116ed13bf27d0f88871
c0b038ad7244712cf73650f44e90d0bc5704e8c7	draft2020-12	prefixItems.json	4	11	11	0	0	5b2006fb0d99f9df8e25e384d665edc57427e7849ac0f963f541626fd82bb522
c0b038ad7244712cf73650f44e90d0bc5704e8c7	draft2020-12	properties.json	6	28	28	0	0	58f01566cfe3e1fc4fb851d3b2eab13768d65ba5dbc4e9f9387ceaf4244a0522
c0b038ad7244712cf73650f44e90d0bc5704e8c7	draft2020-12	propertyNames.json	6	22	22	0	0	54469f831102465060d0db9a9611e827fb7e87df38179d8a28ac45c10576ef83
c0b038ad7244712cf73650f44e90d0bc5704e8c7	draft2020-12	ref.json	36	79	79	0	0	ae53f3f57c220879729225eb416cecac909f06b5adaf15f799b4f3e7c0612998
c0b038ad7244712cf73650f44e90d0bc5704e8c7	draft2020-12	refRemote.json	15	31	31	0	0	8fcb97acb2b76308cab9d82eccd7388dd7d6ca59cf68f6d03281bc40adc9c7ee
c0b038ad7244712cf73650f44e90d0bc5704e8c7	draft2020-12	required.json	5	18	18	0	0	3e3900dd0e546c1cb4aaab6b24ea0e06a8f7f8c05b272dcc87e85332501ed42e
c0b038ad7244712cf73650f44e90d0bc5704e8c7	draft2020-12	type.json	11	80	80	0	0	4c5cbe6cbcd28af73761091367b20e07d0403847e236c06c31fc27061bd81192
c0b038ad7244712cf73650f44e90d0bc5704e8c7	draft2020-12	unevaluatedItems.json	29	71	71	0	0	477e7e734ba86a76fc605d34afa6867ab25081b072792c2d853cbe666e42b7da
c0b038ad7244712cf73650f44e90d0bc5704e8c7	draft2020-12	unevaluatedProperties.json	44	129	129	0	0	cdf9b1c6253470b01da5482c6833553f56e1fb652bf466476faa19c8f0cd2c7c
c0b038ad7244712cf73650f44e90d0bc5704e8c7	draft2020-12	uniqueItems.json	6	69	69	0	0	ed84ef6ddc827659e257ba64cbe9679f06932b6320bea5c07622bf3d2cc4daa5
c0b038ad7244712cf73650f44e90d0bc5704e8c7	draft2020-12	vocabulary.json	2	5	5	0	0	7c753d28de2d551fe0329b5a0ac939de921ffe1dfd1c82336e8d4a78d904ce8a
